"","about","category","id","likes","name","picture","talking_about_count","username"
"infoDataTemp","Whether you are looking to have a few quiet drinks with friends or colleagues, celebrate a special occassion or simply a bite to eat, Party at the Pub can help! Check out partyatthepub.co.uk for all our bars, events, promotions & to book a party now!","Website","125759927438004","4196","Party at the Pub","http://profile.ak.fbcdn.net/hprofile-ak-ash2/373042_125759927438004_1460392605_s.jpg","71","partyatthepub"
"infoDataTemp",NA,"Bar","117514205009904","469","The Abacus Scunthorpe","http://profile.ak.fbcdn.net/hprofile-ak-snc4/373019_117514205009904_1706576992_s.jpg","43",NA
"infoDataTemp",NA,NA,NA,"0",NA,NA,"0",NA
"infoDataTemp","The Abbey is Liverpool's loveliest bar - club - restaurant. Come down to Hanover Street, L1 3DZ, and see what all the fuss is about!","Bar","214007299724","918","The Abbey Liverpool","http://profile.ak.fbcdn.net/hprofile-ak-snc4/277055_214007299724_883428372_s.jpg","54",NA
"infoDataTemp","Nuneaton's number 1 venue.....","Bar","203454699671996","468","The Abbey - Nuneaton","http://profile.ak.fbcdn.net/hprofile-ak-ash2/174861_203454699671996_221902434_s.jpg","15","abbeynuneaton"
"infoDataTemp",NA,NA,"594142139","0","Academybar Cannock",NA,"0","academybar"
"infoDataTemp",NA,"Bar","68297476655","2697","The Academy Preston","http://profile.ak.fbcdn.net/hprofile-ak-snc4/373048_68297476655_1373196832_s.jpg","29","Academy.Preston"
"infoDataTemp","Welcome to our fb page. The Academy is Uttoxeter's number one bar for a relaxing meal and drink or the place to party at the weekend. All major sporting events are shown on the biggest screens. For more info contact our team on 01889 568570","Bar","236612136402","526","Academy Uttoxeter","http://profile.ak.fbcdn.net/hprofile-ak-snc4/174884_236612136402_7027240_s.jpg","2",NA
"infoDataTemp","This stunning city style bar has something for everyone; an eclectic mix of new and old.The Alchemist is open from early morning through till late & the menu reflects traditional British cuisine with a few twists which will surprise and delight.","Bar","101450393256433","278","The Alchemist","http://profile.ak.fbcdn.net/hprofile-ak-snc4/372789_101450393256433_1184439731_s.jpg","37","Alchemist.Houndsditch"
"infoDataTemp","Check out one of Manchesters newest bars. Drink, eat, watch sport, dance the night away... we have it all!!","Bar","121648367893459","820","The Alibi Manchester","http://profile.ak.fbcdn.net/hprofile-ak-snc4/276492_121648367893459_1994267_s.jpg","55","TheAlibiManchester"
"infoDataTemp","Derby's Newest Bar on Friar Gate but with a twist","Bar","125528727526892","376","Almanac, Derby","http://profile.ak.fbcdn.net/hprofile-ak-snc4/373224_125528727526892_1902653130_s.jpg","9",NA
"infoDataTemp",NA,"Community","154070864610764","598","Anderton Northwich","http://profile.ak.fbcdn.net/hprofile-ak-ash2/41597_154070864610764_1757_s.jpg","0",NA
"infoDataTemp",NA,"Bar","212475182159213","22","Anglers Rest - Sheffield","http://profile.ak.fbcdn.net/hprofile-ak-snc4/261079_212475182159213_1581673238_s.jpg","0",NA
"infoDataTemp",NA,"Bar","244165755594378","68","The Assembly, Bedminster","http://profile.ak.fbcdn.net/hprofile-ak-snc4/276407_244165755594378_6093234_s.jpg","1",NA
"infoDataTemp",NA,"Bar","105958794224","297","The Aviator","http://profile.ak.fbcdn.net/hprofile-ak-snc4/50555_105958794224_412250_s.jpg","17",NA
"infoDataTemp",NA,"Bar","184389271602334","847","The Barbican, Scarborough","http://profile.ak.fbcdn.net/hprofile-ak-snc4/373354_184389271602334_1901277789_s.jpg","38","thebarbican.scarborough"
"infoDataTemp","Get an amazing party deal at Barracuda! 2-4-1 on Corona & WKD, FREE shots & buffets for bookings of 10 or more!! Awesome...click here & we'll be in touch...http://bit.ly/bYiHuw","Bar","32894015629","5136","Barracuda Hull","http://profile.ak.fbcdn.net/hprofile-ak-snc4/373017_32894015629_169299217_s.jpg","61","barracuda.hull"
"infoDataTemp","Barracuda boro - Best in value","Bar","223410437624","1621","Barracuda Middlesbrough","http://profile.ak.fbcdn.net/hprofile-ak-snc4/592063_223410437624_829681962_s.jpg","37","barracuda.bar.boro"
"infoDataTemp",NA,"Bar","106669156135054","1904","Beacon Wellington","http://profile.ak.fbcdn.net/hprofile-ak-snc4/592297_106669156135054_652477261_s.jpg","0","Thebeacon.Wellington"
"infoDataTemp","Fri - Sun - food 12-5Monday - Thur - food 12-7 Tuesday -  Iggy's Pub Quiz every other sat dj Blagdon is a busy little pub in the centre of Cramlington Village, which welcomes everyone and provides a fun, atmosphere","Bar","151797531533672","169","The Blagdon Arms, Cramlington","http://profile.ak.fbcdn.net/hprofile-ak-snc4/261144_151797531533672_946305_s.jpg","2",NA
"infoDataTemp","Sun...Lunch & FootyMon...Poker NightTues...Billy's Quiz NightWed...Keith's Fun Quiz & Weight WatchersThurs...Curry NightFri...Grill NightSat...FootyFUNCTION ROOM available for any occasion                                 CARVERY","Bar","54569614369","974","BLUE BELL, FULWELL,  SUNDERLAND","http://profile.ak.fbcdn.net/hprofile-ak-snc4/592080_54569614369_1694828914_s.jpg","13",NA
"infoDataTemp",NA,"Hotel","198330285373","350","The Blue Bell Hotel Middlesbrough","http://profile.ak.fbcdn.net/hprofile-ak-ash2/50315_198330285373_2352768_s.jpg","1","bluebell.middlesbrough"
"infoDataTemp","Dedicated to Drinking, Eating and General Fun Times","Bar","158759350831538","306","The Botanical - Sheffield","http://profile.ak.fbcdn.net/hprofile-ak-snc4/211181_158759350831538_478069789_s.jpg","30",NA
"infoDataTemp","After a stunning refurbishment in June 2011, The Bounty looks and feels great!","Bar","62011504510","2249","The Bounty Workington","http://profile.ak.fbcdn.net/hprofile-ak-snc4/41610_62011504510_941068926_s.jpg","37","The.Bounty.Workington"
"infoDataTemp","Get an amazing party deal at The Bridgewater! Free room hire plus a complimentary buffet for groups of 10 or more. Just call 01254 775555 for details.","Bar","53324051554","5512","The Bridgewater Darwen","http://profile.ak.fbcdn.net/hprofile-ak-snc4/174863_53324051554_1752701628_s.jpg","143","the.bridgewater"
"infoDataTemp","Great Food, Great Sport, Great Pub :)","Bar","61799588740","2462","Brunel Chippenham","http://profile.ak.fbcdn.net/hprofile-ak-snc4/592220_61799588740_2105864142_s.jpg","210","brunel.chippenham"
"infoDataTemp",NA,"Bar","63021005821","1641","Buccaneer Barry","http://profile.ak.fbcdn.net/hprofile-ak-ash2/41798_63021005821_7542388_s.jpg","10",NA
"infoDataTemp",NA,"Bar","152413508145227","602","The Calder Accrington","http://profile.ak.fbcdn.net/hprofile-ak-snc4/174868_152413508145227_1243870603_s.jpg","5",NA
"infoDataTemp","Get an amazing party deal at The Calder! 2-4-1 on Corona & WKD, FREE shots & buffets for bookings of 10 or more!! Awesome...click here & we'll be in touch...http://bit.ly/9bqvVs","Bar","62632989396","331","The Calder Brighouse","http://profile.ak.fbcdn.net/hprofile-ak-snc4/27538_62632989396_7168_s.jpg","5",NA
"infoDataTemp",NA,NA,NA,"0",NA,NA,"0",NA
"infoDataTemp",NA,NA,NA,"0",NA,NA,"0",NA
"infoDataTemp","A stylish and welcoming city bar located in the heart of the City of London","Bar","116974802079","290","Cape Bar Woodstreet","http://profile.ak.fbcdn.net/hprofile-ak-snc4/276906_116974802079_760178857_s.jpg","10","CapeBar.Woodstreet"
"infoDataTemp","Cape","Bar","192314220791481","153","Cape Nottingham","http://profile.ak.fbcdn.net/hprofile-ak-ash2/162040_192314220791481_1528791629_s.jpg","10",NA
"infoDataTemp",NA,"Bar","194144697277285","189","Cape Reading","http://profile.ak.fbcdn.net/hprofile-ak-ash2/373528_194144697277285_1728651999_s.jpg","31",NA
"infoDataTemp","Inspired by Cape Town from which its name is derived, Cape is smart, colonial and cosmopolitan, combining modern fixtures and colours with an extensive wine list, contemporary grazing menu and hospitality.","Bar","47278996839","1303","Cape Stockton Heath","http://profile.ak.fbcdn.net/hprofile-ak-ash2/71058_47278996839_7588424_s.jpg","5",NA
"infoDataTemp",NA,"Bar","118929497729","160","The Cape Bar St Katharine Docks","http://profile.ak.fbcdn.net/hprofile-ak-snc4/261109_118929497729_2466570_s.jpg","1","capebar"
"infoDataTemp",NA,"Bar","174141609267304","402","The Capitol Bolton","http://profile.ak.fbcdn.net/hprofile-ak-snc4/41608_174141609267304_1903864124_s.jpg","30","TheCapitolBolton"
"infoDataTemp","Come down and enjoy the friendly atmosphere at The Case Wisbech. All major  sporting events shown. Karaoke. DJ, Music. Food served daily til 9pm.","Bar","101646685842","821","The Case, Wisbech","http://profile.ak.fbcdn.net/hprofile-ak-snc4/276960_101646685842_5603754_s.jpg","5",NA
"infoDataTemp",NA,NA,NA,"0",NA,NA,"0",NA
"infoDataTemp",NA,NA,NA,"0",NA,NA,"0",NA
"infoDataTemp",NA,NA,NA,"0",NA,NA,"0",NA
"infoDataTemp",NA,NA,NA,"0",NA,NA,"0",NA
"infoDataTemp",NA,NA,NA,"0",NA,NA,"0",NA
"infoDataTemp",NA,NA,NA,"0",NA,NA,"0",NA
"infoDataTemp",NA,NA,NA,"0",NA,NA,"0",NA
"infoDataTemp",NA,NA,NA,"0",NA,NA,"0",NA
"infoDataTemp",NA,NA,NA,"0",NA,NA,"0",NA
"infoDataTemp",NA,NA,NA,"0",NA,NA,"0",NA
"infoDataTemp",NA,NA,NA,"0",NA,NA,"0",NA
"infoDataTemp",NA,NA,NA,"0",NA,NA,"0",NA
"infoDataTemp",NA,NA,NA,"0",NA,NA,"0",NA
"infoDataTemp",NA,NA,NA,"0",NA,NA,"0",NA
"infoDataTemp",NA,NA,NA,"0",NA,NA,"0",NA
"infoDataTemp",NA,NA,NA,"0",NA,NA,"0",NA
"infoDataTemp",NA,NA,NA,"0",NA,NA,"0",NA
"infoDataTemp",NA,NA,NA,"0",NA,NA,"0",NA
"infoDataTemp",NA,NA,NA,"0",NA,NA,"0",NA
"infoDataTemp",NA,NA,NA,"0",NA,NA,"0",NA
"infoDataTemp",NA,NA,NA,"0",NA,NA,"0",NA
"infoDataTemp",NA,NA,NA,"0",NA,NA,"0",NA
"infoDataTemp",NA,NA,NA,"0",NA,NA,"0",NA
"infoDataTemp",NA,NA,NA,"0",NA,NA,"0",NA
"infoDataTemp",NA,NA,NA,"0",NA,NA,"0",NA
"infoDataTemp",NA,NA,NA,"0",NA,NA,"0",NA
"infoDataTemp",NA,NA,NA,"0",NA,NA,"0",NA
"infoDataTemp",NA,NA,NA,"0",NA,NA,"0",NA
"infoDataTemp",NA,NA,NA,"0",NA,NA,"0",NA
"infoDataTemp",NA,NA,NA,"0",NA,NA,"0",NA
"infoDataTemp",NA,NA,NA,"0",NA,NA,"0",NA
"infoDataTemp",NA,NA,NA,"0",NA,NA,"0",NA
"infoDataTemp",NA,NA,NA,"0",NA,NA,"0",NA
"infoDataTemp",NA,NA,NA,"0",NA,NA,"0",NA
"infoDataTemp",NA,NA,NA,"0",NA,NA,"0",NA
"infoDataTemp",NA,NA,NA,"0",NA,NA,"0",NA
"infoDataTemp",NA,NA,NA,"0",NA,NA,"0",NA
"infoDataTemp",NA,NA,NA,"0",NA,NA,"0",NA
"infoDataTemp",NA,NA,NA,"0",NA,NA,"0",NA
"infoDataTemp",NA,NA,NA,"0",NA,NA,"0",NA
"infoDataTemp",NA,NA,NA,"0",NA,NA,"0",NA
"infoDataTemp",NA,NA,NA,"0",NA,NA,"0",NA
"infoDataTemp",NA,NA,NA,"0",NA,NA,"0",NA
"infoDataTemp",NA,NA,NA,"0",NA,NA,"0",NA
"infoDataTemp",NA,NA,NA,"0",NA,NA,"0",NA
"infoDataTemp",NA,"Bar","247362308627060","75","Baroosh - Cambridge","http://profile.ak.fbcdn.net/hprofile-ak-snc4/373026_247362308627060_953516163_s.jpg","1","BarooshCambridge"
"infoDataTemp","Baroosh Chelmsford is by far the best bar/restaurant in Chelmsford.  Great any time of the day or night for breakfast or an evening meal - join us.","Bar","147781572640","430","Baroosh - Chelmsford","http://profile.ak.fbcdn.net/hprofile-ak-snc4/50223_147781572640_1371534393_s.jpg","29","BarooshChelmsford"
"infoDataTemp","Baroosh Staines is in the heart of the town centre and opens every morning at 9.00am for Brunch.  We serve food throughout the day. We offer full table service, great food, delicious drinks and a superb atmsophere.","Bar","325753542945","222","Baroosh - Staines","http://profile.ak.fbcdn.net/hprofile-ak-snc4/161926_325753542945_670379280_s.jpg","8","BarooshStaines"
"infoDataTemp","Baroosh is the most stylish bar in Uxbridge.  Operating an over 21s policy we are perfect for any party small or large.  Serving breakfast, lunch & dinner we have something to suit your needs.","Bar","201285193840","145","baroosh-uxbridge","http://profile.ak.fbcdn.net/hprofile-ak-ash2/41800_201285193840_80522211_s.jpg","1","BarooshUxbridge"
"infoDataTemp","Baroosh Hertford is a premium bar which offers great products in a friendly & welcoming atmosphere.  We operate an over 21s policy and are open for breakfast, lunch & dinner.
To join our mailing list go to www.BarooshHertford.co.uk","Bar","182701499101","356","baroosh-hertford","http://profile.ak.fbcdn.net/hprofile-ak-ash2/373038_182701499101_1775084453_s.jpg","3","BarooshHerts"
"infoDataTemp","Cocktails, British and International Food, Patisserie, Fun and more... *21's Policy","Bar","125455917519000","329","Baroosh - Bishop Stortford","http://profile.ak.fbcdn.net/hprofile-ak-snc4/50216_125455917519000_1641349106_s.jpg","54","BarooshStortford"
"infoDataTemp","The Bullfinch is a stylish pub restaurant located in Riverhead, on the outskirts of Sevenoaks. It offers a wide menu to suit all tastes, including a childrens menu, alongside a wide selection of Real Ales & Wine.","Bar","120264921587","198","The Bullfinch - Sevenoaks","http://profile.ak.fbcdn.net/hprofile-ak-snc4/373050_120264921587_1361743862_s.jpg","1","Bullfinch7"
"infoDataTemp","A two bar local pub with a big focus on Sport. Big Screen TV, darts, pool and weekly Games.","Bar","190541884296217","112","The Camp - St Alban's","http://profile.ak.fbcdn.net/hprofile-ak-snc4/373049_190541884296217_2005090801_s.jpg","6","CampAlbans"
"infoDataTemp","The new Chieftain offers great value with our 2 for 1 menu and quality lounge bar dining.We're Welwyn Garden City's friendly local. Now open!","Bar","163176877034245","647","The Chieftain - Welwyn Garden City","http://profile.ak.fbcdn.net/hprofile-ak-snc4/161990_163176877034245_3264105_s.jpg","40","ChieftainWGC"
"infoDataTemp","A Comfortable two bar pub in Harlow with Sky TV, Pool Table and regular quizzes & entertainment!","Bar","171210472920864","69","The Cock Inn - Harlow","http://profile.ak.fbcdn.net/hprofile-ak-ash2/50354_171210472920864_3439033_s.jpg","6","CockInnHarlow"
"infoDataTemp","A warm welcome awaits you from Rosie, steve and all the team at the new look cock o the north! where you can enjoy great food, wines from around the world and traditional real ales in a relaxed and friendly atmosphere.","Bar","104372736264364","236","The Cock O the North - Bell Bar","http://profile.ak.fbcdn.net/hprofile-ak-ash2/23275_104372736264364_6580_s.jpg","3","CockONorthBell"
"infoDataTemp",NA,"Bar","182054988500344","98","The Cricketers - Enfield","http://profile.ak.fbcdn.net/hprofile-ak-snc4/174776_182054988500344_464673_s.jpg","1","CricketersEnfield"
"infoDataTemp","A large, family friendly pub offering an extensive menu available in comfortable, informal surroundings inside and a large garden with childrens' play area and stylish terrace.Free WIFI.Quiz Night every Tuesday!www.mcmullens.co.uk/crocodile","Bar","119639674753998","416","The Crocodile - Cheshunt","http://profile.ak.fbcdn.net/hprofile-ak-ash2/373042_119639674753998_1977056452_s.jpg","16","crocodilecheshunt"
"infoDataTemp","Comfy Traditional Pub, offering a wide range of beers, wines and spirits. We also offer a full menu and Daily Specials.
Darts, Quizzes, Poker and lots more fun!","Bar","146751332038931","72","The Crusader - Roydon","http://profile.ak.fbcdn.net/hprofile-ak-snc4/373050_146751332038931_1059069487_s.jpg","1","CrusaderRoydon"
"infoDataTemp","Great pub in the heart of Windsor. Delicious English Food. McMullen Ales. Scrumpdiddlyumptious Wines.","Bar","165864183478054","174","The Duchess of Cambridge Pub - Windsor","http://profile.ak.fbcdn.net/hprofile-ak-snc4/41805_165864183478054_1483483559_s.jpg","20","TheDuchessPub"
"infoDataTemp","With great views over Aldenham Lake, there is no better a place to enjoy a tasty meal with family or friends. Join Andrew, Steve, Simon & the rest of the team for that special ""Fishery Experience"".","Bar","122479130414","322","The Fishery - Elstree","http://profile.ak.fbcdn.net/hprofile-ak-snc4/41604_122479130414_6418721_s.jpg","4","FisheryElstree"
"infoDataTemp","A fantastic Community Local where everyone is made to feel welcome.A great place to watch the football, in fact the place to watch football and enjoy great entertainment.Free Wi fi","Bar","108023262567489","94","The Golden Griffin - Hertford","http://profile.ak.fbcdn.net/hprofile-ak-snc4/276557_108023262567489_5746011_s.jpg","3","GoldenGriffinHerts"
"infoDataTemp","The Greyhound is a beautiful, friendly pub on the banks of the River Lea Sample a meal from our excellent 241 Menu, along with a pint of McMullens real ale or a nice glass of chilled wine. We even show major sporting events.  Relax and enjoy.","Bar","109487189090382","136","The Greyhound - Enfield Lock","http://profile.ak.fbcdn.net/hprofile-ak-snc4/276885_109487189090382_6165917_s.jpg","2","GreyhoundEnfield"
"infoDataTemp","Fantastic Traditional Pub - Sports bar with Sky TV and pool tables as well as a comfortable Lounge bar where we serve our Great Value 2-4-1 Menu! We also have a cosy snug.","Bar","110096739053221","508","The Hare - Harlow","http://profile.ak.fbcdn.net/hprofile-ak-snc4/174854_110096739053221_7189234_s.jpg","10","HareHarlow"
"infoDataTemp","Open Plan Sports Bar Two Pool Tables5 Screens - Sky Sports - Hall with Large Projector for Weekend Games - Food Served Daily Karaoke, Quiz Night, Discos & Live Bands - Hall also available for Hire","Bar","148826995129533","320","The Harrier - Hatfield","http://profile.ak.fbcdn.net/hprofile-ak-snc4/41575_148826995129533_6703_s.jpg","4","HarrierHatfield"
"infoDataTemp",NA,"Bar","136516116427571","88","The Herald - Harlow","http://profile.ak.fbcdn.net/hprofile-ak-snc4/277034_136516116427571_1498729_s.jpg","2","HeraldHarlow"
"infoDataTemp","A warm welcome awaits you at the Heron on the Lake. Come and join Dee and the team for a freshly prepared meal in our cosy restaurant, or why not just come along for a glass of wine on our extensive lakeside decking.","Bar","120174671343615","346","The Heron on the Lake - Fleet","http://profile.ak.fbcdn.net/hprofile-ak-snc4/174854_120174671343615_8305435_s.jpg","2","HeronLakeFleet"
"infoDataTemp","A great pub for socialising with friends, any time of the week. All major sporting activities are shown, with even an external TV.","Bar","414328371123","207","The Hollybush - Loughton","http://profile.ak.fbcdn.net/hprofile-ak-ash2/23269_414328371123_4502_s.jpg","2","HollybushLoughton"
"infoDataTemp","A traditional friendly community pub aiming to suit all. Set up for all sports events and showing SKY SPORTS.  With regular pub activities and events, including darts and quizes. Our ""241"" food menu offering 2 meals for the price of one is excellent.","Bar","105879539460522","243","The Hopfields - Hatfield","http://profile.ak.fbcdn.net/hprofile-ak-snc4/373032_105879539460522_1726435183_s.jpg","4","HopfieldsHat"
"infoDataTemp","The John Gilpin is a community style public house that benifits from a large car park and patio area.A full range of beers and lagers are available along with a 2.4.1 food offer.","Bar","121580111209151","32","The John Gilpin - Ware","http://profile.ak.fbcdn.net/hprofile-ak-snc4/27523_121580111209151_3716_s.jpg","2","JohnGilpinWare"
"infoDataTemp","The Jolly Butchers a Traditional London PubComfortable, Relaxed and Friendly.Offers our 241 Menu 12 - 9p.m. Mon to Sat.12 - 6p.m. Sunday","Bar","110794392291284","135","The Jolly Butchers - Enfield","http://profile.ak.fbcdn.net/hprofile-ak-snc4/27541_110794392291284_9721_s.jpg","2","JollyButchers"
"infoDataTemp","A Friendly Pub with an extensive Menu available daily. Famous for its real ales. Ample Parking. Function Room available for hire.","Bar","118934634824619","118","The Jolly Farmers - Enfield","http://profile.ak.fbcdn.net/hprofile-ak-snc4/41564_118934634824619_4421_s.jpg","4","JollyEnfield"
"infoDataTemp","The Jolly Fisherman         Country Pub & Dining  Situated next to the River Lee Food Served All Day Every Daywith a great Pint of Hertfordshire's own McMullen Ale's.E-mail us at jollyfisherman.ware@mcmullens.co.ukFree Wi-Fi","Bar","108738982478120","199","The Jolly Fisherman - Ware","http://profile.ak.fbcdn.net/hprofile-ak-ash2/27522_108738982478120_7813_s.jpg","1","JollyFishWare"
"infoDataTemp","Set in the heart of Lemsford, with two bars, offers a 2 for 1 menu on all its main courses.  The Sunday carvery is popular with regulars.  The Quiz night is a great way to spend  a Tuesday evening.  Jose, Mandy and the team are ready to welcome you.","Bar","117226721621921","11","Long & Short Arm - Welwyn","http://profile.ak.fbcdn.net/hprofile-ak-ash2/27523_117226721621921_4717_s.jpg","3",NA
"infoDataTemp",NA,"Bar","258343635245","268","The Lord Kitchener - Barnet","http://profile.ak.fbcdn.net/hprofile-ak-snc4/50556_258343635245_3892798_s.jpg","6","LordKitBarnet"
"infoDataTemp","A Friendly Community Pub with Sky TV & Pub Games","Bar","132381636805635","75","The Maltsters - Cheshunt","http://profile.ak.fbcdn.net/hprofile-ak-snc4/373061_132381636805635_1315847775_s.jpg","2","MaltstersCheshunt"
"infoDataTemp","The Millstream has a large garden area with lovely views. We serve great food all day every day including our great hand carved sunday roast.","Bar","192210044125827","278","The Millstream - Hitchin","http://profile.ak.fbcdn.net/hprofile-ak-snc4/162018_192210044125827_5812052_s.jpg","21","MillsHitchin"
"infoDataTemp","Family Friendly Pub with Great Countryside Views, Extensive Car Park & Good Play Area... Join us on a Sunday for a fun Pub Quiz","Bar","385204274816","1389","The Mops & Brooms - Borehamwood","http://profile.ak.fbcdn.net/hprofile-ak-snc4/187998_385204274816_6773398_s.jpg","16","MopsBrooms"
"infoDataTemp","Welcome. Youkoso. Bienvenido. Bienvenue. Benvenuti. The Nag's Head is a traditional Victorian London pub in the heart of Covent Garden. Good pub food served everyday. Follow us on Twitter: @nagsheadcg","Bar","150290261676591","474","The Nags Head, Covent Garden","http://profile.ak.fbcdn.net/hprofile-ak-snc4/276923_150290261676591_1332334886_s.jpg","87","NagsHeadLondon"
"infoDataTemp","Our stunning newly refurbished pub features a range of McMullen real ales, a selection of wines and a wide variety of soft drinks. We have a fantastic menu with a wide choice of starters, mains and desserts.","Bar","158639844163297","454","The Nag's Head - Bishops Stortford","http://profile.ak.fbcdn.net/hprofile-ak-ash2/41590_158639844163297_1703_s.jpg","10","NagsHeadBS"
"infoDataTemp","Welcome to the North Star. A stylish yet relaxed environment including a beautiful terrace for when the weather is fine, we offer a large and varied menu, daily specials and a fantastic range of drinks.We look forward to seeing you soon!","Bar","127923234405","168","The North Star - Welwyn","http://profile.ak.fbcdn.net/hprofile-ak-snc4/41590_127923234405_6971223_s.jpg","10","NorthStarWelwyn"
"infoDataTemp","Friendly Local Pub 
Two Bars - 8 TV Screens to watch the Sport!
New Menu available
Daily 12 - 2.30pm & Mon - Sat 5pm - 7pm","Bar","141487625883244","51","The Old Anchor - Cheshunt","http://profile.ak.fbcdn.net/hprofile-ak-snc4/277115_141487625883244_220548_s.jpg","4","OldAnchorCheshunt"
"infoDataTemp","When you visit The Old Beams and enjoy the quality, service and atmosphere you know it's 'seriously relaxed dining'....","Bar","104953772878695","669","The Old Beams - Milton Keynes","http://profile.ak.fbcdn.net/hprofile-ak-ash2/373036_104953772878695_259264397_s.jpg","24","OldBeamsMK"
"infoDataTemp","The best country pub in town,   great beer, great food and a very warm welcome,   Log fire to help warm away the winter blues,","Church/religious organization","135226226519775","58","The Old Red Lion - Barnet","http://profile.ak.fbcdn.net/hprofile-ak-snc4/41782_135226226519775_3408_s.jpg","1","OldRedLion"
"infoDataTemp",NA,NA,NA,"0",NA,NA,"0",NA
"infoDataTemp",NA,NA,NA,"0",NA,NA,"0",NA
"infoDataTemp",NA,NA,NA,"0",NA,NA,"0",NA
"infoDataTemp",NA,NA,NA,"0",NA,NA,"0",NA
"infoDataTemp",NA,NA,NA,"0",NA,NA,"0",NA
"infoDataTemp",NA,NA,NA,"0",NA,NA,"0",NA
"infoDataTemp",NA,NA,NA,"0",NA,NA,"0",NA
"infoDataTemp",NA,NA,NA,"0",NA,NA,"0",NA
"infoDataTemp",NA,NA,NA,"0",NA,NA,"0",NA
"infoDataTemp",NA,NA,NA,"0",NA,NA,"0",NA
"infoDataTemp",NA,NA,NA,"0",NA,NA,"0",NA
"infoDataTemp",NA,NA,NA,"0",NA,NA,"0",NA
"infoDataTemp",NA,NA,NA,"0",NA,NA,"0",NA
"infoDataTemp",NA,NA,NA,"0",NA,NA,"0",NA
"infoDataTemp",NA,NA,NA,"0",NA,NA,"0",NA
"infoDataTemp",NA,NA,NA,"0",NA,NA,"0",NA
"infoDataTemp",NA,NA,NA,"0",NA,NA,"0",NA
"infoDataTemp",NA,NA,NA,"0",NA,NA,"0",NA
"infoDataTemp",NA,NA,NA,"0",NA,NA,"0",NA
"infoDataTemp",NA,NA,NA,"0",NA,NA,"0",NA
"infoDataTemp",NA,NA,NA,"0",NA,NA,"0",NA
"infoDataTemp",NA,NA,NA,"0",NA,NA,"0",NA
"infoDataTemp",NA,NA,NA,"0",NA,NA,"0",NA
"infoDataTemp",NA,NA,NA,"0",NA,NA,"0",NA
"infoDataTemp",NA,NA,NA,"0",NA,NA,"0",NA
"infoDataTemp",NA,NA,NA,"0",NA,NA,"0",NA
"infoDataTemp",NA,NA,NA,"0",NA,NA,"0",NA
"infoDataTemp",NA,NA,NA,"0",NA,NA,"0",NA
"infoDataTemp",NA,NA,NA,"0",NA,NA,"0",NA
"infoDataTemp",NA,NA,NA,"0",NA,NA,"0",NA
"infoDataTemp",NA,NA,NA,"0",NA,NA,"0",NA
"infoDataTemp",NA,NA,NA,"0",NA,NA,"0",NA
"infoDataTemp",NA,NA,NA,"0",NA,NA,"0",NA
"infoDataTemp",NA,NA,NA,"0",NA,NA,"0",NA
"infoDataTemp",NA,NA,NA,"0",NA,NA,"0",NA
"infoDataTemp",NA,NA,NA,"0",NA,NA,"0",NA
"infoDataTemp",NA,NA,NA,"0",NA,NA,"0",NA
"infoDataTemp",NA,NA,NA,"0",NA,NA,"0",NA
"infoDataTemp",NA,NA,NA,"0",NA,NA,"0",NA
"infoDataTemp",NA,NA,NA,"0",NA,NA,"0",NA
"infoDataTemp",NA,NA,NA,"0",NA,NA,"0",NA
"infoDataTemp",NA,NA,NA,"0",NA,NA,"0",NA
"infoDataTemp",NA,NA,NA,"0",NA,NA,"0",NA
"infoDataTemp",NA,NA,NA,"0",NA,NA,"0",NA
"infoDataTemp",NA,NA,NA,"0",NA,NA,"0",NA
"infoDataTemp",NA,NA,NA,"0",NA,NA,"0",NA
"infoDataTemp","At The Akenside Traders we have something to suit every occasion. Whether it's a relaxing haven from shopping, a place to meet friends or colleagues from work or you can simply find a quiet corner to grab a drink or a bite to eat.","Bar","241916805827554","43","The Akenside Traders Newcastle","http://profile.ak.fbcdn.net/hprofile-ak-snc4/195739_241916805827554_4070757_s.jpg","1",NA
"infoDataTemp","At The Barley Mow we have something to suit every occasion. Whether it's a relaxing haven from shopping, a place to meet friends or colleagues from work or you can simply find a quiet corner to grab a drink or a bite to eat.","Bar","204970242889126","12","The Barley Mow in Warrington","http://profile.ak.fbcdn.net/hprofile-ak-snc4/276896_204970242889126_5904165_s.jpg","0",NA
"infoDataTemp","Your High St. Local","Bar","198172136884743","289","The Beehive Sheffield","http://profile.ak.fbcdn.net/hprofile-ak-snc4/41606_198172136884743_1292226889_s.jpg","22","TheBeehiveSheffield"
"infoDataTemp","We're all about great food, great service, great drinks, great music and great sports action!","Bar","170201723032004","169","The Bull, Rugby","http://profile.ak.fbcdn.net/hprofile-ak-ash2/373051_170201723032004_318965219_s.jpg","52","liveatthebull"
"infoDataTemp","Great Trad pubs part of Stonegate Pub Company","Bar","159225390768197","77","Crown Corporation Street","http://profile.ak.fbcdn.net/hprofile-ak-snc4/373043_159225390768197_1005918104_s.jpg","3","thecrowncorporationstreet"
"infoDataTemp","At The Duke of Somerset we have something to suit every occasion. Whether it's a relaxing haven from shopping, a place to meet friends or colleagues from work or you can simply find a quiet corner to grab a drink or a bite to eat.","Bar","122643734492090","119","The Duke of Somerset in London","http://profile.ak.fbcdn.net/hprofile-ak-snc4/50269_122643734492090_319524113_s.jpg","13","TheDukeofSomersetInLondon"
"infoDataTemp","At The Dukes Head we have something to suit every occasion. Whether it's a relaxing haven from shopping, a place to meet friends or colleagues from work or you can simply find a quiet corner to grab a drink or a bite to eat.","Bar","166226923446287","303","The Dukes Head in Stowmarket","http://profile.ak.fbcdn.net/hprofile-ak-snc4/373578_166226923446287_2041594599_s.jpg","2","DukesHeadinStowmarket"
"infoDataTemp",NA,"Bar","186973137994842","412","The George South Woodford","http://profile.ak.fbcdn.net/hprofile-ak-ash2/373280_186973137994842_1597978453_s.jpg","32","thegeorgesouthwoodford"
"infoDataTemp","At The Goose we have something to suit every occasion. Whether it's a relaxing haven from shopping, a place to meet friends or colleagues from work or you can simply find a quiet corner to grab a drink or a bite to eat.","Bar","118596071565880","210","The Goose in Aldershot","http://profile.ak.fbcdn.net/hprofile-ak-snc4/174894_118596071565880_4763283_s.jpg","0",NA
"infoDataTemp","Welcome to The Goose At The Bank. Great value, great service and a great atmosphere.","Bar","275281643537","1449","Goose At The Bank, Grantham","http://profile.ak.fbcdn.net/hprofile-ak-snc4/157954_275281643537_1728069293_s.jpg","54","GranthamGoose"
"infoDataTemp","At The Goose we have something to suit every occasion. Whether it's a relaxing haven from shopping, a place to meet friends or colleagues from work or you can simply find a quiet corner to grab a drink or a bite to eat","Bar","205316169518741","79","The Goose in Leicester","http://profile.ak.fbcdn.net/hprofile-ak-snc4/261196_205316169518741_7905410_s.jpg","2","thegooseinleicester"
"infoDataTemp",NA,"Bar","125608250841977","56","Goose at fulham ,london","http://profile.ak.fbcdn.net/hprofile-ak-ash2/203515_125608250841977_2180472_s.jpg","1",NA
"infoDataTemp",NA,"Bar","118568134842834","1228","Goose Romford","http://profile.ak.fbcdn.net/hprofile-ak-snc4/41608_118568134842834_1159925190_s.jpg","33","gooseromford"
"infoDataTemp","Welcome to the home of Selly Oaks favourite watering hole The Goose @ The OVT!","Bar","146856885374945","402","The Goose at The OVT","http://profile.ak.fbcdn.net/hprofile-ak-snc4/373582_146856885374945_1505655511_s.jpg","44","TheOVT"
"infoDataTemp","Traditional family friendly pub selling quality cask ale, draught and bottles. ","Bar","320749873848","443","The Gosforth Hotel","http://profile.ak.fbcdn.net/hprofile-ak-snc4/373247_320749873848_1823994381_s.jpg","18","TheGosforthHotel"
"infoDataTemp","Great value for money- families welcome 10am- 6pm","Bar","189899484382787","350","Harborne Stores","http://profile.ak.fbcdn.net/hprofile-ak-snc4/188057_189899484382787_62294_s.jpg","27",NA
"infoDataTemp","Great Value Pubs Everyday....We are part of Stonegate Pub Company","Bar","331119655629","184","The Horse & Trumpet Leeds","http://profile.ak.fbcdn.net/hprofile-ak-ash2/373469_331119655629_1092521124_s.jpg","10",NA
"infoDataTemp","The Manchester is the place to be for any celebration!","Bar","136246373060188","747","The Manchester, Blackpool","http://profile.ak.fbcdn.net/hprofile-ak-snc4/195727_136246373060188_2132530_s.jpg","51","themanchesterblackpool"
"infoDataTemp","Right in the heart of Plymouth City Centre 01752 664820 Function room available call for details serving quality food and drink from 10am weekdays, 10am Saturday and 12 noon on Sunday.noahsarkplymouth@stonegatepubs.co.uk","Bar","281716254458","377","Noah's Ark Plymouth","http://profile.ak.fbcdn.net/hprofile-ak-snc4/373039_281716254458_1809648519_s.jpg","4","thenoahsark"
"infoDataTemp","The Old George Inn is one of the oldest pubs in Newcastle. Dating back to the 16th Century, this building oozes with character and holds a replica chair in which King Charles the 1st sat in himself. Amazing drink/food offeres available daily.","Bar","110696235633691","439","The Old George Inn Newcastle","http://profile.ak.fbcdn.net/hprofile-ak-snc4/373601_110696235633691_1936998905_s.jpg","22","TheOldGeorgeInn"
"infoDataTemp","At The Pen and Wig we have something to suit every occasion. Whether it's a relaxing haven from shopping, a place to meet friends or colleagues from work or you can simply find a quiet corner to grab a drink or a bite to eat.","Bar","118426311584560","28","The Pen and Wig in Park Grove Cardiff","http://profile.ak.fbcdn.net/hprofile-ak-snc4/276769_118426311584560_5016405_s.jpg","1",NA
"infoDataTemp","At The Plough we have something to suit every occasion. Whether it's a relaxing haven from shopping, a place to meet friends or colleagues from work or you can simply find a quiet corner to grab a drink or a bite to eat.","Bar","251817034832451","252","The Plough in Ipswich","http://profile.ak.fbcdn.net/hprofile-ak-snc4/277175_251817034832451_7891681_s.jpg","14",NA
"infoDataTemp","At The Royal Oak we have something to suit every occasion. Whether it's a relaxing haven from shopping, a place to meet friends or colleagues from work or you can simply find a quiet corner to grab a drink or a bite to eat.","Bar","122158654540655","166","The Royal Oak in Stockton-on-Tees","http://profile.ak.fbcdn.net/hprofile-ak-snc4/276478_122158654540655_2879255_s.jpg","1",NA
"infoDataTemp","Hello and welcome to Lady Wulfrun's page!","Bar","346247694022","312","Lady Wulfrun","http://profile.ak.fbcdn.net/hprofile-ak-ash2/27519_346247694022_7132_s.jpg","22","LadyWulfrun"
"infoDataTemp","Town Crier","Food/beverages","264773684012","179","Town Crier, Chester","http://profile.ak.fbcdn.net/hprofile-ak-snc4/373025_264773684012_714143314_s.jpg","1","TownCrierPub.Chester"
"infoDataTemp","Lovely pub in the center of  Loughborough serving food from 10am till 9pm. ","Bar","178072088902444","73","The Unicorn","http://profile.ak.fbcdn.net/hprofile-ak-ash2/373019_178072088902444_1707355825_s.jpg","10",NA
"infoDataTemp","Best Bar By Far in Bedford Place","Bar","142554265797546","229","Bedfords Bar","http://profile.ak.fbcdn.net/hprofile-ak-ash2/373523_142554265797546_115049928_s.jpg","27","bedfordsbar"
"infoDataTemp",NA,"Restaurant/cafe","196848213694254","3","The Cork Welwyn Garden City","http://profile.ak.fbcdn.net/static-ak/rsrc.php/v1/yr/r/fwJFrO5KjAQ.png","0",NA
"infoDataTemp",NA,NA,"1468704389","0","Fiddler Cleethorpes",NA,"0","fiddler.cleethorpes"
"infoDataTemp",NA,"Bar","11570179293","378","Hogs Head Cheltenham","http://profile.ak.fbcdn.net/hprofile-ak-snc4/50315_11570179293_8150016_s.jpg","4",NA
"infoDataTemp",NA,NA,NA,"0",NA,NA,"0",NA
"infoDataTemp",NA,"Bar","259613480720446","13","Hogshead, Didsbury","http://profile.ak.fbcdn.net/hprofile-ak-snc4/276958_259613480720446_2679006_s.jpg","0",NA
"infoDataTemp","LIKE US,LOVE US,PARTY WITH US! HOGSHEAD <3","Bar","132195856802215","117","Hogshead Hornchurch","http://profile.ak.fbcdn.net/hprofile-ak-ash2/592222_132195856802215_1883398201_s.jpg","5",NA
"infoDataTemp",NA,"Bar","193064350737987","403","Kirkpatricks Bar South Shields","http://profile.ak.fbcdn.net/hprofile-ak-snc4/41607_193064350737987_29413890_s.jpg","47",NA
"infoDataTemp",NA,NA,NA,"0",NA,NA,"0",NA
"infoDataTemp",NA,NA,NA,"0",NA,NA,"0",NA
"infoDataTemp",NA,NA,NA,"0",NA,NA,"0",NA
"infoDataTemp",NA,NA,NA,"0",NA,NA,"0",NA
"infoDataTemp",NA,NA,NA,"0",NA,NA,"0",NA
"infoDataTemp",NA,NA,NA,"0",NA,NA,"0",NA
"infoDataTemp",NA,NA,NA,"0",NA,NA,"0",NA
"infoDataTemp",NA,NA,NA,"0",NA,NA,"0",NA
"infoDataTemp",NA,NA,NA,"0",NA,NA,"0",NA
"infoDataTemp",NA,NA,NA,"0",NA,NA,"0",NA
"infoDataTemp",NA,NA,NA,"0",NA,NA,"0",NA
"infoDataTemp",NA,NA,NA,"0",NA,NA,"0",NA
"infoDataTemp",NA,NA,NA,"0",NA,NA,"0",NA
"infoDataTemp",NA,NA,NA,"0",NA,NA,"0",NA
"infoDataTemp",NA,NA,NA,"0",NA,NA,"0",NA
"infoDataTemp",NA,NA,NA,"0",NA,NA,"0",NA
"infoDataTemp",NA,NA,NA,"0",NA,NA,"0",NA
"infoDataTemp",NA,NA,NA,"0",NA,NA,"0",NA
"infoDataTemp",NA,NA,NA,"0",NA,NA,"0",NA
"infoDataTemp",NA,NA,NA,"0",NA,NA,"0",NA
"infoDataTemp",NA,NA,NA,"0",NA,NA,"0",NA
"infoDataTemp",NA,NA,NA,"0",NA,NA,"0",NA
"infoDataTemp",NA,NA,NA,"0",NA,NA,"0",NA
"infoDataTemp",NA,NA,NA,"0",NA,NA,"0",NA
"infoDataTemp",NA,NA,NA,"0",NA,NA,"0",NA
"infoDataTemp",NA,NA,NA,"0",NA,NA,"0",NA
"infoDataTemp",NA,NA,NA,"0",NA,NA,"0",NA
"infoDataTemp",NA,NA,NA,"0",NA,NA,"0",NA
"infoDataTemp",NA,NA,NA,"0",NA,NA,"0",NA
"infoDataTemp",NA,NA,NA,"0",NA,NA,"0",NA
"infoDataTemp",NA,NA,NA,"0",NA,NA,"0",NA
"infoDataTemp",NA,NA,NA,"0",NA,NA,"0",NA
"infoDataTemp",NA,NA,NA,"0",NA,NA,"0",NA
"infoDataTemp",NA,NA,NA,"0",NA,NA,"0",NA
"infoDataTemp",NA,NA,NA,"0",NA,NA,"0",NA
"infoDataTemp",NA,NA,NA,"0",NA,NA,"0",NA
"infoDataTemp",NA,NA,NA,"0",NA,NA,"0",NA
"infoDataTemp",NA,NA,NA,"0",NA,NA,"0",NA
"infoDataTemp",NA,NA,NA,"0",NA,NA,"0",NA
"infoDataTemp",NA,NA,NA,"0",NA,NA,"0",NA
"infoDataTemp",NA,NA,NA,"0",NA,NA,"0",NA
"infoDataTemp",NA,NA,NA,"0",NA,NA,"0",NA
"infoDataTemp",NA,NA,NA,"0",NA,NA,"0",NA
"infoDataTemp",NA,NA,NA,"0",NA,NA,"0",NA
"infoDataTemp",NA,NA,NA,"0",NA,NA,"0",NA
"infoDataTemp","The Devonshire","Restaurant/cafe","153111468060034","123","The Devonshire Balham","http://profile.ak.fbcdn.net/hprofile-ak-snc4/195769_153111468060034_3653561_s.jpg","0","devonshirebalham"
"infoDataTemp","A great local pub on Barnes High Street with a large beer garden and kids play area.","Bar","123916907641573","140","The Coach & Horses Barnes London","http://profile.ak.fbcdn.net/hprofile-ak-snc4/41806_123916907641573_2098484681_s.jpg","10",NA
"infoDataTemp","The Best Pub On The River!","Bar","222704184414738","41","White Hart Barnes","http://profile.ak.fbcdn.net/hprofile-ak-snc4/261130_222704184414738_7981707_s.jpg","1","whitehartbarnes"
"infoDataTemp",NA,"Bar","46902290945","230","Duke of Cambridge, Battersea","http://profile.ak.fbcdn.net/hprofile-ak-snc4/50277_46902290945_4975398_s.jpg","25",NA
"infoDataTemp","The Best Pub in Paddington","Bar","157688500925050","273","The Mitre","http://profile.ak.fbcdn.net/hprofile-ak-ash2/203463_157688500925050_528047_s.jpg","23",NA
"infoDataTemp",NA,NA,NA,"0",NA,NA,"0",NA
"infoDataTemp",NA,NA,"100001193717573","0","Coopers Arms Chelsea",NA,"0",NA
"infoDataTemp","Right on Imperial Wharfâ€™s south-facing riverbank,we have some of the best veiws in London","Bar","108124085944121","85","The Waterside, Imperial Wharf","http://profile.ak.fbcdn.net/hprofile-ak-ash2/187914_108124085944121_1336901_s.jpg","19","TheWatersideImperialWharf"
"infoDataTemp","A world-famous pub in the heart of Bishopsgate, Dirty Dicks was established in 1745 & is steeped in history. Set over 3 levels, it is the ideal place to meet with friends, host an event or pop in for a drink & meal - you can even surf the web!","Bar","146650128683527","1300","Dirty Dicks","http://profile.ak.fbcdn.net/hprofile-ak-snc4/41609_146650128683527_8628_s.jpg","186",NA
"infoDataTemp","Hotel, Restaurant, Pub","Bar","200145823335225","619","Windmill on the Common","http://profile.ak.fbcdn.net/hprofile-ak-snc4/174889_200145823335225_5879641_s.jpg","47","WindmillClapham"
"infoDataTemp",NA,"Bar","237613979618224","92","The Grange Ealing","http://profile.ak.fbcdn.net/hprofile-ak-snc4/174563_237613979618224_602475117_s.jpg","27","grangeealing"
"infoDataTemp",NA,"Food/beverages","110899878978738","92","Leather Bottle","http://profile.ak.fbcdn.net/hprofile-ak-ash2/372835_110899878978738_1813701250_s.jpg","13","leatherbottle"
"infoDataTemp","The One Tun is a friendly local in the heart of London offering a welcome to all and serving good quality food & drinks in a relaxed pub.","Bar","98481256462","77","One Tun Goodge Street","http://profile.ak.fbcdn.net/hprofile-ak-ash2/188070_98481256462_5136788_s.jpg","5","onetungoodge"
"infoDataTemp","British Grazing, Craft Beers & Comfy Seats. Discover the all new Cock Tavern.","Bar","129057682349","149","Cock Tavern Fulham","http://profile.ak.fbcdn.net/hprofile-ak-snc4/162006_129057682349_245923330_s.jpg","21","CockAndHen"
"infoDataTemp","Come down and check out our Victorian style pub and hotel.

We have a Top Bar.
Cellar Bar (available for parties, meetings, and gigs).
Restaurant, and a Secret Garden to relax outdoors!

Come in for a pint, and check out our delicious food menu :)","Bar","152933738060457","72","Brook Green Hotel - Hammersmith, London","http://profile.ak.fbcdn.net/hprofile-ak-snc4/50336_152933738060457_2157484_s.jpg","0",NA
"infoDataTemp",NA,NA,NA,"0",NA,NA,"0",NA
"infoDataTemp","Pub and Dinning Room","Bar","224971467518584","48","Thatched House Hammersmith","http://profile.ak.fbcdn.net/hprofile-ak-snc4/195748_224971467518584_5751413_s.jpg","2",NA
"infoDataTemp","The Roebuck","Food/beverages","200123943356438","52","The Roebuck Hampstead","http://profile.ak.fbcdn.net/hprofile-ak-snc4/187808_200123943356438_5858391_s.jpg","12",NA
"infoDataTemp","Pub and Dining","Bar","190773117641081","111","The Beaufort Pub & Dining","http://profile.ak.fbcdn.net/hprofile-ak-snc4/592192_190773117641081_974420380_s.jpg","8","beaufortpubdining"
"infoDataTemp","An honourable secret.","Bar","150098788348346","107","The Britannia","http://profile.ak.fbcdn.net/hprofile-ak-snc4/174718_150098788348346_7482083_s.jpg","5",NA
"infoDataTemp","The Albert, Kingstons best pub. Great food, lovely wines, the best kept ales & a brilliant team.","Bar","103494476395774","187","The Albert Kingston","http://profile.ak.fbcdn.net/hprofile-ak-snc4/373365_103494476395774_1578350273_s.jpg","20",NA
"infoDataTemp",NA,"Local business","179781635398178","147","The Bishop Out Of Residence","http://profile.ak.fbcdn.net/hprofile-ak-snc4/187963_179781635398178_4917020_s.jpg","18","bishopkingston"
"infoDataTemp","Traditional English restaurant in the heart of Mayfair, established in 1952. Also tweeting as @guineagrill","Restaurant/cafe","90161938461","168","The Guinea Grill","http://profile.ak.fbcdn.net/hprofile-ak-snc4/187875_90161938461_252633104_s.jpg","10","GuineaGrill"
"infoDataTemp","Lip smacking homemade award winning pies and 9 real ales to wash them down! In the heart of Mayfair. Also tweeting as @tweetiepie_w1","Restaurant/cafe","146154542065553","141","Windmill Mayfair","http://profile.ak.fbcdn.net/hprofile-ak-ash2/50549_146154542065553_1941756244_s.jpg","2","tweetiepieW1"
"infoDataTemp",NA,NA,NA,"0",NA,NA,"0",NA
"infoDataTemp","For over 250 years, this beautiful pub has stood proud in the middle of Putney High Street. Come & check us out!","Bar","274883719044","344","Spotted Horse","http://profile.ak.fbcdn.net/hprofile-ak-snc4/373022_274883719044_1523445376_s.jpg","24",NA
"infoDataTemp","The Marlborough","Bar","148258805242405","157","Marlborough Richmond","http://profile.ak.fbcdn.net/hprofile-ak-snc4/162045_148258805242405_1026832751_s.jpg","4",NA
"infoDataTemp","Richmond's Iconic Rugby Pub on the high street. Booze, food, music, & sport- all though not all in equal porportions. And you can't forget the craic!","Bar","127542450625367","161","The Orange Tree Richmond","http://profile.ak.fbcdn.net/hprofile-ak-snc4/41798_127542450625367_9596_s.jpg","0",NA
"infoDataTemp","Richard the First is a traditional locals' pub, located on Royal Hill in an area designated for conservation, and is the only Young's pub in the area.","Bar","157807127581628","55","Richard the First, Greenwich","http://profile.ak.fbcdn.net/hprofile-ak-snc4/50295_157807127581628_468_s.jpg","0","RichardtheFirstGreenwich"
"infoDataTemp","News, views & shameless plugs from the team at Founders Arms, Riverside Pub & Dining here in Bankside.","Bar","114315295290073","796","Founders Arms Pub","http://profile.ak.fbcdn.net/hprofile-ak-snc4/71135_114315295290073_8176313_s.jpg","122","FApub"
"infoDataTemp",NA,"Bar","214542908559038","30","The Pied Bull, Streatham","http://profile.ak.fbcdn.net/hprofile-ak-snc4/203557_214542908559038_5198208_s.jpg","1",NA
"infoDataTemp","The Bear enjoys a relaxed pub atmosphere, fantastic informal dining, cosy lounge and ample parking.","Bar","150373421667187","98","The Bear Oxshott","http://profile.ak.fbcdn.net/hprofile-ak-ash2/373013_150373421667187_544629918_s.jpg","0",NA
"infoDataTemp",NA,"Bar","131029546975670","53","The Hand & Spear","http://profile.ak.fbcdn.net/hprofile-ak-snc4/188019_131029546975670_3645996_s.jpg","1",NA
"infoDataTemp","Victorian style pub, restaurant, and boutique hotel doing great food alongside great drink.","Bar","130230740326648","435","The Alma Wandsworth","http://profile.ak.fbcdn.net/hprofile-ak-snc4/373051_130230740326648_1683063127_s.jpg","32",NA
"infoDataTemp",NA,"Bar","109164705809625","187","Queen Adelaide","http://profile.ak.fbcdn.net/hprofile-ak-snc4/276854_109164705809625_8354631_s.jpg","13",NA
"infoDataTemp",NA,NA,NA,"0",NA,NA,"0",NA
"infoDataTemp",NA,NA,NA,"0",NA,NA,"0",NA
"infoDataTemp",NA,NA,NA,"0",NA,NA,"0",NA
"infoDataTemp",NA,NA,NA,"0",NA,NA,"0",NA
"infoDataTemp",NA,NA,NA,"0",NA,NA,"0",NA
"infoDataTemp",NA,NA,NA,"0",NA,NA,"0",NA
"infoDataTemp",NA,NA,NA,"0",NA,NA,"0",NA
"infoDataTemp",NA,NA,NA,"0",NA,NA,"0",NA
"infoDataTemp",NA,NA,NA,"0",NA,NA,"0",NA
"infoDataTemp",NA,NA,NA,"0",NA,NA,"0",NA
"infoDataTemp",NA,NA,NA,"0",NA,NA,"0",NA
"infoDataTemp",NA,NA,NA,"0",NA,NA,"0",NA
"infoDataTemp",NA,NA,NA,"0",NA,NA,"0",NA
"infoDataTemp",NA,NA,NA,"0",NA,NA,"0",NA
"infoDataTemp",NA,NA,NA,"0",NA,NA,"0",NA
"infoDataTemp",NA,NA,NA,"0",NA,NA,"0",NA
"infoDataTemp",NA,NA,NA,"0",NA,NA,"0",NA
"infoDataTemp",NA,NA,NA,"0",NA,NA,"0",NA
"infoDataTemp",NA,NA,NA,"0",NA,NA,"0",NA
"infoDataTemp",NA,NA,NA,"0",NA,NA,"0",NA
"infoDataTemp",NA,NA,NA,"0",NA,NA,"0",NA
"infoDataTemp",NA,NA,NA,"0",NA,NA,"0",NA
"infoDataTemp",NA,NA,NA,"0",NA,NA,"0",NA
"infoDataTemp",NA,NA,NA,"0",NA,NA,"0",NA
"infoDataTemp",NA,NA,NA,"0",NA,NA,"0",NA
"infoDataTemp",NA,NA,NA,"0",NA,NA,"0",NA
"infoDataTemp",NA,NA,NA,"0",NA,NA,"0",NA
"infoDataTemp",NA,NA,NA,"0",NA,NA,"0",NA
"infoDataTemp",NA,NA,NA,"0",NA,NA,"0",NA
"infoDataTemp",NA,NA,NA,"0",NA,NA,"0",NA
"infoDataTemp",NA,NA,NA,"0",NA,NA,"0",NA
"infoDataTemp",NA,NA,NA,"0",NA,NA,"0",NA
"infoDataTemp",NA,NA,NA,"0",NA,NA,"0",NA
"infoDataTemp",NA,NA,NA,"0",NA,NA,"0",NA
"infoDataTemp",NA,NA,NA,"0",NA,NA,"0",NA
"infoDataTemp",NA,"Bar","210070899008327","97","The Abingdon Arms","http://profile.ak.fbcdn.net/hprofile-ak-snc4/195807_210070899008327_7872101_s.jpg","0","TheAbingdonArms"
"infoDataTemp",NA,"Restaurant/cafe","131664686913443","24","The Black Pig","http://profile.ak.fbcdn.net/hprofile-ak-snc4/276507_131664686913443_155923_s.jpg","2",NA
"infoDataTemp","Independently run Bar and Thai Cafe","Arts/entertainment/nightlife","107570082677190","806","Circus Circus","http://profile.ak.fbcdn.net/hprofile-ak-snc4/276662_107570082677190_7323088_s.jpg","1","Circus.Circus.Brighton"
"infoDataTemp","Clayton's Marlow, Bar & Kitchen, serving beautiful cocktails, fine wines, beers, & a food menu designed to share. The perfect venue for all your events. ","Bar","122513137860511","650","Clayton's Marlow","http://profile.ak.fbcdn.net/hprofile-ak-snc4/372897_122513137860511_1109752082_s.jpg","149","claytonsmarlow"
"infoDataTemp","Great range of drinks and fantastic food with the bonus of a beautiful South-facing beer garden.","Bar","175321173254","488","Connaught Pub and Kitchen","http://profile.ak.fbcdn.net/hprofile-ak-snc4/174805_175321173254_2134934322_s.jpg","4","ConnaughtPubAndKitchen"
"infoDataTemp","We are a small pub based in rural Berkshire that offers locally sourced, seasonal food, service with a smile and always a warm welcome","Bar","100334996706932","156","The Crooked Billet Wokingham","http://profile.ak.fbcdn.net/hprofile-ak-snc4/276913_100334996706932_7438602_s.jpg","2",NA
"infoDataTemp",NA,NA,NA,"0",NA,NA,"0",NA
"infoDataTemp",NA,NA,NA,"0",NA,NA,"0",NA
"infoDataTemp",NA,NA,NA,"0",NA,NA,"0",NA
"infoDataTemp",NA,NA,NA,"0",NA,NA,"0",NA
"infoDataTemp",NA,NA,NA,"0",NA,NA,"0",NA
"infoDataTemp",NA,NA,NA,"0",NA,NA,"0",NA
"infoDataTemp",NA,NA,NA,"0",NA,NA,"0",NA
"infoDataTemp",NA,NA,NA,"0",NA,NA,"0",NA
"infoDataTemp",NA,NA,NA,"0",NA,NA,"0",NA
"infoDataTemp",NA,NA,NA,"0",NA,NA,"0",NA
"infoDataTemp",NA,NA,NA,"0",NA,NA,"0",NA
"infoDataTemp",NA,NA,NA,"0",NA,NA,"0",NA
"infoDataTemp",NA,NA,NA,"0",NA,NA,"0",NA
"infoDataTemp",NA,NA,NA,"0",NA,NA,"0",NA
"infoDataTemp",NA,NA,NA,"0",NA,NA,"0",NA
"infoDataTemp",NA,NA,NA,"0",NA,NA,"0",NA
"infoDataTemp",NA,NA,NA,"0",NA,NA,"0",NA
"infoDataTemp",NA,NA,NA,"0",NA,NA,"0",NA
"infoDataTemp",NA,NA,NA,"0",NA,NA,"0",NA
"infoDataTemp",NA,NA,NA,"0",NA,NA,"0",NA
"infoDataTemp",NA,NA,NA,"0",NA,NA,"0",NA
"infoDataTemp",NA,NA,NA,"0",NA,NA,"0",NA
"infoDataTemp",NA,NA,NA,"0",NA,NA,"0",NA
"infoDataTemp",NA,NA,NA,"0",NA,NA,"0",NA
"infoDataTemp",NA,NA,NA,"0",NA,NA,"0",NA
"infoDataTemp",NA,NA,NA,"0",NA,NA,"0",NA
"infoDataTemp",NA,NA,NA,"0",NA,NA,"0",NA
"infoDataTemp",NA,NA,NA,"0",NA,NA,"0",NA
"infoDataTemp",NA,NA,NA,"0",NA,NA,"0",NA
"infoDataTemp",NA,NA,NA,"0",NA,NA,"0",NA
"infoDataTemp",NA,NA,NA,"0",NA,NA,"0",NA
"infoDataTemp",NA,NA,NA,"0",NA,NA,"0",NA
"infoDataTemp",NA,NA,NA,"0",NA,NA,"0",NA
"infoDataTemp",NA,NA,NA,"0",NA,NA,"0",NA
"infoDataTemp",NA,NA,NA,"0",NA,NA,"0",NA
"infoDataTemp",NA,NA,NA,"0",NA,NA,"0",NA
"infoDataTemp",NA,NA,NA,"0",NA,NA,"0",NA
"infoDataTemp",NA,NA,NA,"0",NA,NA,"0",NA
"infoDataTemp",NA,NA,NA,"0",NA,NA,"0",NA
"infoDataTemp",NA,NA,NA,"0",NA,NA,"0",NA
"infoDataTemp",NA,NA,NA,"0",NA,NA,"0",NA
"infoDataTemp",NA,NA,NA,"0",NA,NA,"0",NA
"infoDataTemp",NA,NA,NA,"0",NA,NA,"0",NA
"infoDataTemp",NA,NA,NA,"0",NA,NA,"0",NA
"infoDataTemp",NA,NA,NA,"0",NA,NA,"0",NA
"infoDataTemp",NA,NA,NA,"0",NA,NA,"0",NA
"infoDataTemp",NA,NA,NA,"0",NA,NA,"0",NA
"infoDataTemp",NA,NA,NA,"0",NA,NA,"0",NA
"infoDataTemp",NA,NA,NA,"0",NA,NA,"0",NA
"infoDataTemp",NA,NA,NA,"0",NA,NA,"0",NA
"infoDataTemp",NA,NA,NA,"0",NA,NA,"0",NA
"infoDataTemp",NA,NA,NA,"0",NA,NA,"0",NA
"infoDataTemp",NA,NA,NA,"0",NA,NA,"0",NA
"infoDataTemp",NA,NA,NA,"0",NA,NA,"0",NA
"infoDataTemp",NA,NA,NA,"0",NA,NA,"0",NA
"infoDataTemp",NA,NA,NA,"0",NA,NA,"0",NA
"infoDataTemp",NA,NA,NA,"0",NA,NA,"0",NA
"infoDataTemp",NA,NA,NA,"0",NA,NA,"0",NA
"infoDataTemp",NA,NA,NA,"0",NA,NA,"0",NA
"infoDataTemp",NA,NA,NA,"0",NA,NA,"0",NA
"infoDataTemp",NA,NA,NA,"0",NA,NA,"0",NA
"infoDataTemp",NA,NA,NA,"0",NA,NA,"0",NA
"infoDataTemp",NA,NA,NA,"0",NA,NA,"0",NA
"infoDataTemp",NA,NA,NA,"0",NA,NA,"0",NA
"infoDataTemp",NA,NA,NA,"0",NA,NA,"0",NA
"infoDataTemp",NA,NA,NA,"0",NA,NA,"0",NA
"infoDataTemp",NA,NA,NA,"0",NA,NA,"0",NA
"infoDataTemp",NA,NA,NA,"0",NA,NA,"0",NA
"infoDataTemp",NA,NA,NA,"0",NA,NA,"0",NA
"infoDataTemp",NA,NA,NA,"0",NA,NA,"0",NA
"infoDataTemp",NA,NA,NA,"0",NA,NA,"0",NA
"infoDataTemp",NA,NA,NA,"0",NA,NA,"0",NA
"infoDataTemp",NA,NA,NA,"0",NA,NA,"0",NA
"infoDataTemp",NA,NA,NA,"0",NA,NA,"0",NA
"infoDataTemp",NA,NA,NA,"0",NA,NA,"0",NA
"infoDataTemp",NA,NA,NA,"0",NA,NA,"0",NA
"infoDataTemp",NA,NA,NA,"0",NA,NA,"0",NA
"infoDataTemp",NA,"Restaurant/cafe","338643409499578","82","Duke's Head Putney","http://profile.ak.fbcdn.net/hprofile-ak-snc4/161981_338643409499578_162019417_s.jpg","3",NA
"infoDataTemp",NA,"Bar","153429008029137","290","The Boathouse, Putney","http://profile.ak.fbcdn.net/hprofile-ak-snc4/373012_153429008029137_44017262_s.jpg","55",NA
"infoDataTemp","The Hollywood Arms, Chelsea, www.hollywoodarmschelsea.com/","Bar","238514489535568","133","The Hollywood Arms","http://profile.ak.fbcdn.net/hprofile-ak-snc4/373371_238514489535568_1066831837_s.jpg","7","TheHollywoodArms"
"infoDataTemp","Local Pub and Dining","Bar","296520687025509","37","Chequers Pub","http://profile.ak.fbcdn.net/hprofile-ak-ash2/373484_296520687025509_1658866927_s.jpg","2","Chequerswalton"
"infoDataTemp","We're in Wandsworth","Bar","137053349730163","2","Em's bar","http://profile.ak.fbcdn.net/static-ak/rsrc.php/v1/y0/r/XsEg9L6Ie5_.jpg","0",NA
"infoDataTemp","Join the Roebuck on Twitter - twitter.com/roebucknw3","Local business","125769490781715","14","The Roebuck Hampstead","http://profile.ak.fbcdn.net/hprofile-ak-snc4/23269_125769490781715_444_s.jpg","0",NA
"infoDataTemp",NA,"Bar","214542908559038","30","The Pied Bull, Streatham","http://profile.ak.fbcdn.net/hprofile-ak-snc4/203557_214542908559038_5198208_s.jpg","1",NA
"infoDataTemp","Richmond's Iconic Rugby Pub on the high street. Booze, food, music, & sport- all though not all in equal porportions. And you can't forget the craic!","Bar","127542450625367","161","The Orange Tree Richmond","http://profile.ak.fbcdn.net/hprofile-ak-snc4/41798_127542450625367_9596_s.jpg","0",NA
"infoDataTemp","Great Food.. Great Beer's..Great Atmosphere..Great staff...","Bar","106193507918","472","The Lock Keeper","http://profile.ak.fbcdn.net/hprofile-ak-snc4/373055_106193507918_715545596_s.jpg","16",NA
"infoDataTemp","Lunch Menu Â£5
Mon - Fri 12-3","Bar","190201820919","88","King's Arms, Chelsea","http://profile.ak.fbcdn.net/hprofile-ak-snc4/50516_190201820919_2292366_s.jpg","7",NA
"infoDataTemp","A stylish, traditional bar in the heart of Bristol. A place to eat, drink, relax and have a laugh.Great opportunities to win free drinks and a Â£100 bar tab. Just sign yourself up to our mailing list on our website. http://www.hortsbristol.com","Bar","167616527814","162","Horts, Bristol","http://profile.ak.fbcdn.net/hprofile-ak-snc4/41784_167616527814_3622425_s.jpg","3","Hortsbar"
"infoDataTemp","One of Chelsea's gems and still going strong after 146 years!","Local business","160807040621151","72","The Hollywood Arms","http://profile.ak.fbcdn.net/hprofile-ak-ash2/195730_160807040621151_2775594_s.jpg","23",NA
"infoDataTemp","The Highbury Vaults is possibly the GREATEST Ale house in Bristol, and one of the few "" Pub-Pubs "" remaining to date.
With a range of changing guest ales, great food, and friendly staff, come check us out !","Bar","36032334017","136","The Highbury Vaults","http://profile.ak.fbcdn.net/hprofile-ak-snc4/41597_36032334017_1244_s.jpg","6",NA
"infoDataTemp","The new home of live music in Fulham. Come and Enjoy our Monday night quiz, Fortnightly Open Mic Nights, Killer Pool on Thursdays and Live Music all weekend. Bring your own food, or order Dominos at the bar. Your new favourite pub!","Bar","117619418282181","23","The George Fulham","http://profile.ak.fbcdn.net/hprofile-ak-snc4/41599_117619418282181_7052_s.jpg","0",NA
"infoDataTemp",NA,"Bar","105673019493970","464","Duke On The Green","http://profile.ak.fbcdn.net/hprofile-ak-snc4/50217_105673019493970_878974585_s.jpg","81",NA
"infoDataTemp","Great beer, including local breweries, good grub, BBQ's, bonfires and live music!","Bar","91086933945","1040","Double Locks","http://profile.ak.fbcdn.net/hprofile-ak-ash2/276644_91086933945_4146008_s.jpg","7",NA
"infoDataTemp","A world-famous pub in the heart of Bishopsgate, Dirty Dicks was established in 1745 & is steeped in history. Set over 3 levels, it is the ideal place to meet with friends, host an event or pop in for a drink & meal - you can even surf the web!","Bar","146650128683527","1300","Dirty Dicks","http://profile.ak.fbcdn.net/hprofile-ak-snc4/41609_146650128683527_8628_s.jpg","186",NA
"infoDataTemp","The Devonshire","Restaurant/cafe","153111468060034","123","The Devonshire Balham","http://profile.ak.fbcdn.net/hprofile-ak-snc4/195769_153111468060034_3653561_s.jpg","0","devonshirebalham"
"infoDataTemp","British Grazing, Craft Beers & Comfy Seats. Discover the all new Cock Tavern.","Bar","129057682349","149","Cock Tavern Fulham","http://profile.ak.fbcdn.net/hprofile-ak-snc4/162006_129057682349_245923330_s.jpg","21","CockAndHen"
"infoDataTemp",NA,"Community","130548070289696","7","Coach & Horses Barnes","http://profile.ak.fbcdn.net/hprofile-ak-snc4/50189_130548070289696_2739_s.jpg","0",NA
"infoDataTemp","Come down and check out our Victorian style pub and hotel.

We have a Top Bar.
Cellar Bar (available for parties, meetings, and gigs).
Restaurant, and a Secret Garden to relax outdoors!

Come in for a pint, and check out our delicious food menu :)","Bar","152933738060457","72","Brook Green Hotel - Hammersmith, London","http://profile.ak.fbcdn.net/hprofile-ak-snc4/50336_152933738060457_2157484_s.jpg","0",NA
"infoDataTemp","Victorian style pub, restaurant, and boutique hotel doing great food alongside great drink.","Bar","130230740326648","435","The Alma Wandsworth","http://profile.ak.fbcdn.net/hprofile-ak-snc4/373051_130230740326648_1683063127_s.jpg","32",NA
"infoDataTemp","The Bear enjoys a relaxed pub atmosphere, fantastic informal dining, cosy lounge and ample parking.","Bar","150373421667187","98","The Bear Oxshott","http://profile.ak.fbcdn.net/hprofile-ak-ash2/373013_150373421667187_544629918_s.jpg","0",NA
"infoDataTemp","Great British Food, Great British Beer, Great British Pubs","Company","161475840546978","1085","Young's Pubs","http://profile.ak.fbcdn.net/hprofile-ak-snc4/373043_161475840546978_1919476764_s.jpg","78","YoungsPubs"
"infoDataTemp",NA,"Bar","126741810788574","182","Kings Arms Oxford","http://profile.ak.fbcdn.net/hprofile-ak-snc4/50275_126741810788574_1751360272_s.jpg","28","KingsArmsOxford"
"infoDataTemp","Anchor is a Pub Restaurant in Pyrford Lock, Wisley, UK.  Find our contact details, menu, events and more here.","Website","186697464714354","80","Anchor Pub in Pyrford Lock, Wisley","http://profile.ak.fbcdn.net/hprofile-ak-snc4/203586_186697464714354_3919577_s.jpg","0",NA
"infoDataTemp","The Olive Branch is a Bar & Restaurant in Horsham, West Sussex, UK.  Find our contact details, menu, events and more here.","Website","123778101015072","108","The Olive Branch Restaurant & Bar in Horsham, West Sussex","http://profile.ak.fbcdn.net/hprofile-ak-snc4/373024_123778101015072_1937199754_s.jpg","0",NA
"infoDataTemp","Eel Pie is a Pub in 9-11 Church Street, Twickenham, UK.  Find our contact details, menu, events and more here.","Website","237201099636857","35","Eel Pie Pub in 9-11 Church Street, Twickenham","http://profile.ak.fbcdn.net/hprofile-ak-snc4/277165_237201099636857_3706123_s.jpg","0",NA
"infoDataTemp","Ness is a Bar, Restaurant & Rooms in Shaldon, Nr Teignmouth, Devon, UK.  Find our contact details, menu, events and more here.","Website","130283790381453","86","Ness Bar & Restaurant in Shaldon, Nr Teignmouth, Devon","http://profile.ak.fbcdn.net/hprofile-ak-snc4/261134_130283790381453_8103032_s.jpg","0",NA
"infoDataTemp","Wight Mouse Inn is a Pub Restaurant & Rooms in Chale, Isle Of Wight, UK.  Find our contact details, menu, events and more here.","Website","204301886275023","56","Wight Mouse Inn Pub Restaurant & Rooms in Chale, Isle Of Wight","http://profile.ak.fbcdn.net/hprofile-ak-snc4/277056_204301886275023_6749285_s.jpg","0",NA
"infoDataTemp","Hornbrook is a Pub Restaurant in Horsham, West Sussex, UK.  Find our contact details, menu, events and more here.","Website","170589816332699","27","Hornbrook Pub Restaurant in Horsham, West Sussex","http://profile.ak.fbcdn.net/hprofile-ak-snc4/203554_170589816332699_8317975_s.jpg","0",NA
"infoDataTemp","Olive Branch is a Bar & Restaurant in East Borough, Wimborne, Dorset, UK.  Find our contact details, menu, events and more here.","Website","209328855753016","76","Olive Branch Bar & Restaurant in East Borough, Wimborne, Dorset","http://profile.ak.fbcdn.net/hprofile-ak-ash2/277176_209328855753016_5779207_s.jpg","0",NA
"infoDataTemp","Worlds End is a Pub Restaurant in Bradford-On-Tone, Taunton, Somerset, UK.  Find our contact details, menu, events and more here.","Website","162430787153154","41","Worlds End Pub Restaurant in Bradford-On-Tone, Taunton, Somerset","http://profile.ak.fbcdn.net/hprofile-ak-snc4/373725_162430787153154_1967006940_s.jpg","0",NA
"infoDataTemp","Worlds End is a Pub Restaurant in Almer Nr Blandford, Dorset, UK.  Find our contact details, menu, events and more here.","Website","145184418886705","55","Worlds End Pub Restaurant in Almer Nr Blandford, Dorset","http://profile.ak.fbcdn.net/hprofile-ak-snc4/373648_145184418886705_154455423_s.jpg","1",NA
"infoDataTemp","Yachtsman is a Pub Restaurant in Hamworthy, Poole, Dorset, UK.  Find our contact details, menu, events and more here.","Website","222372031108905","21","Yachtsman Pub Restaurant in Hamworthy, Poole, Dorset","http://profile.ak.fbcdn.net/hprofile-ak-snc4/211218_222372031108905_4341811_s.jpg","0",NA
"infoDataTemp","Goffs Manor is a Pub Restaurant in Southgate, Crawley, West Sussex, UK.  Find our contact details, menu, events and more here.","Website","203391429702133","54","Goffs Manor Pub Restaurant in Southgate, Crawley, West Sussex","http://profile.ak.fbcdn.net/hprofile-ak-snc4/261124_203391429702133_4878934_s.jpg","0",NA
"infoDataTemp","Crown Hotel is a Bar, Restaurant & Rooms  in West Street, Blandford Forum Dorset, UK.  Find our contact details, menu, events and more here.","Website","100574590036795","32","Crown Hotel Bar, Restaurant & Rooms  in West Street, Blandford Forum Dorset","http://profile.ak.fbcdn.net/hprofile-ak-snc4/373111_100574590036795_991461317_s.jpg","0",NA
"infoDataTemp","Black Horse is a Pub Restaurant in Hookwood, Surrey, UK.  Find our contact details, menu, events and more here.","Website","188352671217703","23","Black Horse Pub Restaurant in Hookwood, Surrey","http://profile.ak.fbcdn.net/hprofile-ak-snc4/372865_188352671217703_1800389189_s.jpg","0",NA
"infoDataTemp","Grasshopper is a Pub Restaurant in Parkstone, Poole, Dorset, UK.  Find our contact details, menu, events and more here.","Website","100690946685628","54","Grasshopper Pub Restaurant in Parkstone, Poole, Dorset","http://profile.ak.fbcdn.net/hprofile-ak-snc4/276864_100690946685628_1231522_s.jpg","0",NA
"infoDataTemp","Hangleton Manor is a Pub Restaurant in Hove, East Sussex, UK.  Find our contact details, menu, events and more here.","Website","147576498642150","85","Hangleton Manor Pub in Hove, East Sussex","http://profile.ak.fbcdn.net/hprofile-ak-snc4/203588_147576498642150_4377578_s.jpg","0",NA
"infoDataTemp","Worlds End is a Pub Restaurant in Patching Nr Worthing, West Sussex, UK.  Find our contact details, menu, events and more here.","Website","203767962988110","52","Worlds End Pub Restaurant in Patching Nr Worthing, West Sussex","http://profile.ak.fbcdn.net/hprofile-ak-snc4/261184_203767962988110_3906792_s.jpg","0",NA
"infoDataTemp","Angel Inn is a Pub Restaurant in Longham , Wimborne, UK.  Find our contact details, menu, events and more here.","Website","195224167181026","53","Angel Inn Pub Restaurant in Longham , Wimborne","http://profile.ak.fbcdn.net/hprofile-ak-snc4/261192_195224167181026_2452008_s.jpg","0",NA
"infoDataTemp","Half Moon is a Pub Restaurant in Shaftesbury, Dorset, UK.  Find our contact details, menu, events and more here.","Website","208516652493890","40","Half Moon Pub Restaurant in Shaftesbury, Dorset","http://profile.ak.fbcdn.net/hprofile-ak-snc4/203568_208516652493890_3967566_s.jpg","0",NA
"infoDataTemp","The Old Inn is a Pub Restaurant in Widecombe in the Moor, Devon, UK.  Find our contact details, menu, events and more here.","Website","111281772284362","56","The Old Inn Pub Restaurant in Widecombe in the Moor, Devon","http://profile.ak.fbcdn.net/hprofile-ak-snc4/195785_111281772284362_1311816_s.jpg","0",NA
"infoDataTemp","Monmouth Ash is a Pub Restaurant in Verwood, Dorset, UK.  Find our contact details, menu, events and more here.","Website","195758310457088","31","Monmouth Ash Pub Restaurant in Verwood, Dorset","http://profile.ak.fbcdn.net/hprofile-ak-snc4/71019_195758310457088_7580179_s.jpg","0",NA
"infoDataTemp","Osborne View is a Pub Restaurant in Fareham, Hampshire, UK.  Find our contact details, menu, events and more here.","Website","199124706774704","131","Osborne View Pub in Fareham, Hampshire","http://profile.ak.fbcdn.net/hprofile-ak-snc4/187790_199124706774704_1874001_s.jpg","0",NA
"infoDataTemp","The Star is a Pub in Ewell, Surrey, UK.  Find our contact details, menu, events and more here.","Website","154327617960451","51","The Star Pub in Ewell, Surrey","http://profile.ak.fbcdn.net/hprofile-ak-snc4/277075_154327617960451_1595149_s.jpg","0",NA
"infoDataTemp","Wheatsheaf is a Pub Restaurant in Salisbury, Wiltshire, UK.  Find our contact details, menu, events and more here.","Website","112937728785380","76","Wheatsheaf Pub Restaurant in Salisbury, Wiltshire","http://profile.ak.fbcdn.net/hprofile-ak-ash2/174893_112937728785380_5712622_s.jpg","0",NA
"infoDataTemp","Black Swan is a Pub Restaurant in Pease Pottage, West Sussex, UK.  Find our contact details, menu, events and more here.","Website","166417406751109","35","Black Swan Pub Restaurant in Pease Pottage, West Sussex","http://profile.ak.fbcdn.net/hprofile-ak-snc4/261102_166417406751109_5334273_s.jpg","0",NA
"infoDataTemp","St Peters Finger is a Pub Restaurant in Lytchett Minster, Poole, Dorset, UK.  Find our contact details, menu, events and more here.","Website","106010476153625","61","St Peters Finger Pub Restaurant in Lytchett Minster, Poole, Dorset","http://profile.ak.fbcdn.net/hprofile-ak-snc4/373665_106010476153625_1878990960_s.jpg","0",NA
"infoDataTemp","De Havilland Arms is a Pub Restaurant in Elvetham Health, Fleet, Hampshire, UK.  Find our contact details, menu, events and more here.","Website","125428480870471","43","De Havilland Arms Pub Restaurant in Elvetham Health, Fleet, Hampshire","http://profile.ak.fbcdn.net/hprofile-ak-ash2/211062_125428480870471_2260753_s.jpg","0",NA
"infoDataTemp","Seven Stars is a Pub Restaurant in Stroud, Nr Petersfield, Hampshire, UK.  Find our contact details, menu, events and more here.","Website","145212355552718","42","Seven Stars Pub in Stroud, Nr Petersfield, Hampshire","http://profile.ak.fbcdn.net/hprofile-ak-snc4/211179_145212355552718_1942124242_s.jpg","0",NA
"infoDataTemp","New Queen is a Pub Restaurant in Avon, Nr Christchurch, Dorset, UK.  Find our contact details, menu, events and more here.","Website","213679651975867","41","New Queen Pub Restaurant in Avon, Nr Christchurch, Dorset","http://profile.ak.fbcdn.net/hprofile-ak-snc4/203491_213679651975867_2102852_s.jpg","0",NA
"infoDataTemp","House Martin is a Pub Restaurant in Barton-On-Sea, New Milton, Hampshire, UK.  Find our contact details, menu, events and more here.","Website","203705039650570","43","House Martin Pub Restaurant in Barton-On-Sea, New Milton, Hampshire","http://profile.ak.fbcdn.net/hprofile-ak-snc4/195719_203705039650570_4549836_s.jpg","0",NA
"infoDataTemp","Barn Owl is a Pub Restaurant in Kingskerswell , Devon, UK.  Find our contact details, menu, events and more here.","Website","217724431578065","59","Barn Owl Pub Restaurant in Kingskerswell , Devon","http://profile.ak.fbcdn.net/hprofile-ak-ash2/373052_217724431578065_674190011_s.jpg","0",NA
"infoDataTemp","Empress Of Blandings is a Pub Restaurant in Copythorne, Hampshire, UK.  Find our contact details, menu, events and more here.","Website","117461938339151","54","Empress Of Blandings Pub Restaurant in Copythorne, Hampshire","http://profile.ak.fbcdn.net/hprofile-ak-snc4/211187_117461938339151_2162508_s.jpg","0",NA
"infoDataTemp","Shaston Arms is a Pub in 4-6 Ganton Street, London, UK.  Find our contact details, menu, events and more here.","Website","107252469371385","24","Shaston Arms Pub in 4-6 Ganton Street, London","http://profile.ak.fbcdn.net/hprofile-ak-snc4/373376_107252469371385_1260371652_s.jpg","0",NA
"infoDataTemp","Ship & Shovell is a Pub in 1-3 Craven Passage, Charing Cross, UK.  Find our contact details, menu, events and more here.","Website","189565327766998","61","Ship & Shovell Pub in 1-3 Craven Passage, Charing Cross","http://profile.ak.fbcdn.net/hprofile-ak-snc4/261100_189565327766998_1710362251_s.jpg","0",NA
"infoDataTemp","Lock, Stock & Barrel is a Pub in Locks Heath District Centre, Southampton , UK.  Find our contact details, menu, events and more here.","Website","238035509553420","15","Lock, Stock & Barrel Pub in Locks Heath District Centre, Southampton","http://profile.ak.fbcdn.net/hprofile-ak-snc4/276862_238035509553420_662613190_s.jpg","0",NA
"infoDataTemp","Wellington is a Bar, Restaurant & Rooms in Stratfield Turgis, Nr Basingstoke, UK.  Find our contact details, menu, events and more here.","Website","211845262188488","23","Wellington Bar, Restaurant & Rooms in Stratfield Turgis, Nr Basingstoke","http://profile.ak.fbcdn.net/hprofile-ak-snc4/373203_211845262188488_37879985_s.jpg","0",NA
"infoDataTemp","Old Granary is a Bar & Restaurant in The Quay, Wareham, Dorset, UK.  Find our contact details, menu, events and more here.","Website","119510811464804","70","Old Granary Pub in The Quay, Wareham, Dorset","http://profile.ak.fbcdn.net/hprofile-ak-snc4/276760_119510811464804_1458111019_s.jpg","0",NA
"infoDataTemp","St Stephen's Tavern is a Pub in 10 Bridge Street, Westminster, UK.  Find our contact details, menu, events and more here.","Website","237089269644050","67","St Stephen's Tavern Pub in 10 Bridge Street, Westminster","http://profile.ak.fbcdn.net/hprofile-ak-ash2/277077_237089269644050_449045038_s.jpg","0",NA
"infoDataTemp","Rising Sun is a Pub in 38 East Street, Wimborne, UK.  Find our contact details, menu, events and more here.","Website","232591456762351","12","Rising Sun Pub in 38 East Street, Wimborne","http://profile.ak.fbcdn.net/hprofile-ak-snc4/373289_232591456762351_1908565963_s.jpg","0",NA
"infoDataTemp","Queens College Arms is a Pub Restaurant in Pamber End, Tadley, Hampshire, UK.  Find our contact details, menu, events and more here.","Website","285307724814621","34","Queens College Arms Pub Restaurant in Pamber End, Tadley, Hampshire","http://profile.ak.fbcdn.net/hprofile-ak-snc4/276785_285307724814621_1128019333_s.jpg","0",NA
"infoDataTemp","Lulworth Cove Inn is a Pub Restaurant &  Rooms in Main Road, Lulworth Cove, UK.  Find our contact details, menu, events and more here.","Website","242105082507673","66","Lulworth Cove Inn Pub Restaurant &  Rooms in Main Road, Lulworth Cove","http://profile.ak.fbcdn.net/hprofile-ak-ash2/373205_242105082507673_2003541898_s.jpg","0",NA
"infoDataTemp","Ship Inn is a Pub Restaurant in Wool Wareham, Dorset, UK.  Find our contact details, menu, events and more here.","Website","217341568288524","12","Ship Inn Pub Restaurant in Wool Wareham, Dorset","http://profile.ak.fbcdn.net/hprofile-ak-snc4/187770_217341568288524_1196368_s.jpg","0",NA
"infoDataTemp","Hall & Woodhouse is a Bar & Restaurant in 1 Old King Street, Bath, UK.  Find our contact details, menu, events and more here.","Website","272201526130415","235","Hall & Woodhouse Bath Restaurant & Bar in 1 Old King Street, Bath","http://profile.ak.fbcdn.net/hprofile-ak-snc4/373719_272201526130415_1832245790_s.jpg","1",NA
"infoDataTemp","Old Nick is a Pub in 20-22 Sandland Street, London, UK.  Find our contact details, menu, events and more here.","Website","234353583271138","28","Old Nick Pub in 20-22 Sandland Street, London","http://profile.ak.fbcdn.net/hprofile-ak-ash2/373729_234353583271138_1949291463_s.jpg","0",NA
"infoDataTemp","Halfway Inn is a Pub Restaurant in Norden, Wareham, Dorset, UK.  Find our contact details, menu, events and more here.","Website","184350111614749","29","Halfway Inn Pub Restaurant in Norden, Wareham, Dorset","http://profile.ak.fbcdn.net/hprofile-ak-snc4/276413_184350111614749_1072702361_s.jpg","0",NA
"infoDataTemp","Black Rabbit is a Pub Restaurant in Offham, Arundel, West Sussex, UK.  Find our contact details, menu, events and more here.","Website","203425569698665","86","Black Rabbit Pub Restaurant in Offham, Arundel, West Sussex","http://profile.ak.fbcdn.net/hprofile-ak-snc4/276401_203425569698665_685983370_s.jpg","0",NA
"infoDataTemp","Lighter is a Pub Restaurant in The Quay, Topsham, Devon, UK.  Find our contact details, menu, events and more here.","Website","195151203863810","16","Lighter Pub Restaurant in The Quay, Topsham, Devon","http://profile.ak.fbcdn.net/hprofile-ak-snc4/261117_195151203863810_5221059_s.jpg","0",NA
"infoDataTemp","Moat is a Pub Restaurant in Wrotham, Nr Sevenoaks, Kent, UK.  Find our contact details, menu, events and more here.","Website","112091272210749","70","Moat Pub in Wrotham, Nr Sevenoaks, Kent","http://profile.ak.fbcdn.net/hprofile-ak-snc4/372899_112091272210749_1757569683_s.jpg","0",NA
"infoDataTemp","Jolly Sailor is a Bar & Restaurant in Old Burseldon, Southampton, UK.  Find our contact details, menu, events and more here.","Website","195527163826678","123","Jolly Sailor Pub in Old Burseldon, Southampton","http://profile.ak.fbcdn.net/hprofile-ak-snc4/211125_195527163826678_4176611_s.jpg","0",NA
"infoDataTemp","Jekyll & Hyde is a Pub Restaurant in Hartley Wespall, Hook, Hampshire, UK.  Find our contact details, menu, events and more here.","Website","117600064991716","42","Jekyll & Hyde Pub Restaurant in Hartley Wespall, Hook, Hampshire","http://profile.ak.fbcdn.net/hprofile-ak-snc4/373246_117600064991716_835008516_s.jpg","0",NA
"infoDataTemp","Gardeners Arms is a Bar & Restaurant in Ardingly, West Sussex, UK.  Find our contact details, menu, events and more here.","Website","169288423132220","38","Gardeners Arms Bar & Restaurant in Ardingly, West Sussex","http://profile.ak.fbcdn.net/hprofile-ak-snc4/373502_169288423132220_2077866655_s.jpg","0",NA
"infoDataTemp","Peacock Farm is a Pub Restaurant in Bracknell, Berkshire, UK.  Find our contact details, menu, events and more here.","Website","148154575254550","277","Peacock Farm Pub in Bracknell, Berkshire","http://profile.ak.fbcdn.net/hprofile-ak-ash2/174873_148154575254550_6294820_s.jpg","0",NA
"infoDataTemp","Portsmouth Arms is a Pub Restaurant in Hatch Warren, Basingstoke, Hampshire, UK.  Find our contact details, menu, events and more here.","Website","202139699829425","36","Portsmouth Arms Pub Restaurant in Hatch Warren, Basingstoke, Hampshire","http://profile.ak.fbcdn.net/hprofile-ak-snc4/373330_202139699829425_69606447_s.jpg","0",NA
"infoDataTemp","Swan Inn is a Bar & Restaurant in Newbury, Berkshire, UK.  Find our contact details, menu, events and more here.","Website","147792395293396","48","Swan Inn Bar & Restaurant in Newbury, Berkshire","http://profile.ak.fbcdn.net/hprofile-ak-snc4/373247_147792395293396_1557089396_s.jpg","0",NA
"infoDataTemp","Talisman is a Pub Restaurant in Park Gate, Southampton, UK.  Find our contact details, menu, events and more here.","Website","225984707417917","76","Talisman Pub Restaurant in Park Gate, Southampton","http://profile.ak.fbcdn.net/hprofile-ak-snc4/373326_225984707417917_774873692_s.jpg","0",NA
"infoDataTemp","Black Horse is a Pub Restaurant in Iver Heath, Buckinghamshire, UK.  Find our contact details, menu, events and more here.","Website","218140114871891","37","Black Horse Pub Restaurant in Iver Heath, Buckinghamshire","http://profile.ak.fbcdn.net/hprofile-ak-snc4/203577_218140114871891_3343801_s.jpg","0",NA
"infoDataTemp","Smugglers Inn is a Pub Restaurant & Rooms in Osmington Mills, Weymouth, Dorset, UK.  Find our contact details, menu, events and more here.","Website","213157028714922","186","Smugglers Inn Pub in Osmington Mills, Weymouth, Dorset","http://profile.ak.fbcdn.net/hprofile-ak-snc4/195807_213157028714922_2033092_s.jpg","0",NA
"infoDataTemp","Ship Inn is a Pub Restaurant in Custom House Quay, Weymouth, UK.  Find our contact details, menu, events and more here.","Website","132885843454537","44","Ship Inn Pub Restaurant in Custom House Quay, Weymouth","http://profile.ak.fbcdn.net/hprofile-ak-ash2/373258_132885843454537_131596520_s.jpg","0",NA
"infoDataTemp","A page dedicated to eating and drinking out in Weybridge","Food/beverages","278511095550062","3","Eat, Drink in Weybridge","http://profile.ak.fbcdn.net/hprofile-ak-snc4/174715_278511095550062_2004592572_s.jpg","0",NA
"infoDataTemp","Sendster Social Websites is the only purpose-built web platform designed to help pub and restaurant groups attract new customers for local venues by tapping into the power of social media","Website","115072125243920","43","Sendster Social Websites is the purpose-built web platform for pubs, bars and restaurants.","http://profile.ak.fbcdn.net/hprofile-ak-ash2/203506_115072125243920_8160071_s.jpg","0",NA
